"Record ID","Contributor","Contributor aliases","Title","Title aliases","Year","Publisher","ISBN","Canon sources","Collectibility tier","Search priority","First edition notes","Strong buy GBP","Bargain GBP","Evidence confidence","Source","Search tier","Collector profile","Documentary relevance","First monograph","Collectible variants","Special edition priority","Awards and evidence"
"contemporary:sophie-green-tangerine-dreams","Sophie Green","","Tangerine Dreams","","2025","Sophie Green","","Curated contemporary documentary","A","0","Original March 2025 first edition was limited to 150 copies; distinguish from the 2026 second edition of 500.","","","HIGH","https://www.sophiegreenphotography.com/bio-info","CORE","British social documentary | community | colour | subculture","HIGH","NO","2025 first edition of 150 | 2026 second edition of 500","HIGH","Martin Parr Foundation exhibition in 2026 | long-term documentary portrait of contemporary Britain"
"contemporary:sophie-green-congregation","Sophie Green","","Congregation","","2019","Loose Joints","","Curated contemporary documentary","A","0","First edition published April 2019 in an edition of 700.","","","HIGH","https://www.sophiegreenphotography.com/new-gallery-2","CORE","British social documentary | faith | community | colour","HIGH","NO","First edition of 700","HIGH","Institutional exhibitions include the National Portrait Gallery and V&A"
"contemporary:sophie-green-dented-pride","Sophie Green","","Dented Pride","","2016","","","Curated contemporary documentary","B","1","Earliest of Green's three listed books; verify colophon and completeness.","","","MEDIUM","https://www.sophiegreenphotography.com/bio-info","CORE","British social documentary | banger racing | subculture | colour","HIGH","YES","Early self-published or small-run edition","MEDIUM","Early book by a respected British documentary photographer"
"contemporary:mark-neville-port-glasgow","Mark Neville","","The Port Glasgow Book Project","Port Glasgow","2004","Self-published","","Curated contemporary documentary | Parr/Badger Vol. III","A","0","Hardback project book distributed free to all 8,000 Port Glasgow households rather than sold commercially.","","","HIGH","https://www.markneville.com/the-port-glasgow-book-project","CORE","British social documentary | post-industrial community | socially engaged practice","HIGH","YES","Original non-commercial distribution of 8,000 copies","HIGH","Exhibited in Parrworld and documented in Parr/Badger Vol. III"
"contemporary:lua-ribeira-noises","Lúa Ribeira","Lua Ribeira","Noises in the Blood","Noises","2017","Fishbar Books","","Curated contemporary documentary","A","0","Limited Leporello publication made for the Fishbar exhibition; verify all panels and issued components.","","","HIGH","https://fishbar.ph/shop/xhzlw67pn0pgie99nj53uvenpwg7ak","CORE","British Jamaican culture | gender | community | performative documentary","HIGH","YES","Limited-edition Leporello book","HIGH","Jerwood/Photoworks Award | Firecracker Grant"
"contemporary:matt-black-american-geography","Matt Black","","American Geography","","2021","Thames & Hudson","","Curated contemporary documentary","A","0","Original 2021 monograph; verify printing and any signed or special issue.","","","HIGH","https://www.thamesandhudson.com/products/american-geography","CORE","American social documentary | poverty | landscape | inequality","HIGH","YES","Signed copies and publisher or artist editions may occur","MEDIUM","Magnum documentary project made across 46 states over five years"
"contemporary:deanna-dikeman-leaving-waving","Deanna Dikeman","","Leaving and Waving","Leaving & Waving","2021","Chose Commune","","Curated contemporary documentary","A","0","Identify the first printing; the publisher announced a third reprint in 2022.","","","HIGH","https://chosecommune.com/book/deanna-dikeman-leaving-and-waving","CORE","family documentary | ageing | loss | vernacular intimacy","HIGH","YES","First printing preferred; later reprints documented","HIGH","Widely recognised long-term family documentary sequence"
"contemporary:cristina-de-middel-afronauts","Cristina de Middel","","The Afronauts","Afronauts","2012","Self-published","","Curated contemporary documentary | Paris Photo-Aperture First PhotoBook finalist","S","0","Target the scarce self-published 2012 first edition; later editions and anniversary issues exist.","","","HIGH","https://martinparrfoundation.org/product/the-afronauts/","CORE","conceptual documentary | African history | archival fiction","MEDIUM","YES","Signed copies may include drawings | later special editions with an original signed photograph","HIGH","Deutsche Börse finalist | ICP Infinity Award | recognised contemporary classic"
"contemporary:alejandro-cartagena-carpoolers","Alejandro Cartagena","","Carpoolers","","2014","Self-published","","Curated contemporary documentary","A","0","Target the 2014 first edition; substantially redesigned later editions are separate collectible objects.","","","HIGH","https://www.sfmoma.org/exhibition/alejandro-cartagena-ground-rules/","CORE","socially incisive documentary | labour | urbanism | Mexico","HIGH","NO","Multiple artist-designed editions | signed copies and print sets exist","HIGH","Described by SFMOMA as a celebrated and socially incisive photobook"
"contemporary:dana-lixenberg-imperial-courts","Dana Lixenberg","","Imperial Courts 1993-2015","Imperial Courts","2015","Roma Publications","","Curated contemporary documentary","A","0","Target the original Roma Publications edition and verify printing.","","","HIGH","https://www.romapublications.org/?book=imperial-courts-1993-2015-dana-lixenberg","CORE","long-term community portrait | Watts | inequality | collaborative documentary","HIGH","NO","Signed first editions may occur","MEDIUM","Long-term 4x5 portrait of the Imperial Courts community"
"contemporary:jamie-hawkesworth-british-isles","Jamie Hawkesworth","","The British Isles","British Isles","2021","MACK","","Curated contemporary documentary","A","0","Verify the original MACK edition rather than a later printing.","","","HIGH","https://mackbooks.co.uk/collections/special-editions","CORE","British documentary | portraiture | contemporary society | colour","HIGH","NO","MACK special edition with a print","HIGH","MACK special-edition programme | respected contemporary British photographer"
"contemporary:rahim-fortune-cant-stand","Rahim Fortune","","I can't stand to see you cry","I cant stand to see you cry","2021","Loose Joints","9781912719259","Curated contemporary documentary | Paris Photo-Aperture PhotoBook of the Year nominee","A","0","First printing April 2021; distinguish from the September 2022 second printing.","","","HIGH","https://loosejoints.biz/products/see-you-cry","CORE","family documentary | Texas | race | health | environmental injustice","HIGH","YES","Special edition of the first printing with an 8x10 print","HIGH","Rencontres d'Arles Louis Roederer Discovery Award 2022"
"contemporary:jack-davison-photographs","Jack Davison","","Photographs","","2019","Loose Joints","9781912719076","Curated contemporary documentary","A","0","Original Loose Joints edition; verify printing and all special-edition components.","","","HIGH","https://loosejoints.biz/products/photographs","CORE","British portraiture | street observation | contemporary photographic language","MEDIUM","YES","Out-of-print special edition with one of two 8x10 prints, handmade box, poster and enamel pin","HIGH","Established first monograph with a sold-out print edition"
"contemporary:chloe-dewe-mathews-thames-log","Chloe Dewe Mathews","Chloë Dewe Mathews","Thames Log","","","Loose Joints","","Curated contemporary documentary","A","0","Verify first edition and completeness of any boxed special issue.","","","HIGH","https://loosejoints.biz/products/thames-log-special-edition","CORE","British documentary | river culture | ritual | landscape","HIGH","NO","Signed first edition in a hand-painted box with an archival pigment print; print edition of 30 plus 5 APs","HIGH","Publisher-documented special edition with artist-proof states"
"contemporary:daniel-shea-blisner-il","Daniel Shea","","Blisner, IL","Blisner IL","2014","Fourteen Nineteen","9780957381032","Curated contemporary documentary","A","0","First edition September 2014; distinguish the special issue and verify its print.","","","HIGH","https://loosejoints.biz/products/blisner-il","CORE","post-industrial documentary | Rust Belt | deindustrialisation | landscape","HIGH","NO","Special edition of 50 with one of ten C-type prints, each print from an edition of 5","HIGH","Trade edition sold out | highly constrained print edition"
"contemporary:jet-swan-material","Jet Swan","","Material","","2021","Loose Joints","9781912719112","Curated contemporary documentary","B","1","Original September 2021 edition; verify printing.","","","HIGH","https://loosejoints.biz/products/jet-swan","CORE","portraiture | bodies | work | contemporary Britain","MEDIUM","YES","Special edition with one of two 8x10 prints, each in an edition of 50","HIGH","Publisher-documented first monograph and print edition"
"contemporary:jeffrey-silverthorne-morgue","Jeffrey Silverthorne","","Morgue","","2017","Stanley/Barker","9780995555563","Curated contemporary documentary","A","0","September 2017 edition; special issue must retain the signed silver print.","","","HIGH","https://www.stanleybarker.co.uk/products/morgue-jeffrey-silverthorne","CORE","documentary | mortality | institutional space | human condition","HIGH","NO","Special edition of 15 with a signed 8x10 silver print","HIGH","Extremely small publisher-documented print edition"
"contemporary:daniel-arnold-you-are-what-you-do","Daniel Arnold","","You Are What You Do","","2025","Loose Joints","9781912719709","Curated contemporary documentary","A","0","Original November 2025 edition; verify special-edition print choice and completeness.","","","HIGH","https://loosejoints.biz/products/you-are-what-you-do","CORE","street photography | New York | humanist documentary | contemporary life","HIGH","NO","Special edition with two pigment prints","HIGH","Major monograph by a respected contemporary street photographer"
"contemporary:keisha-scarville-passports","Keisha Scarville","","Passports","","2026","MACK","","Curated contemporary documentary | Rencontres d'Arles Author Book Award winner 2026","A","0","Original 2026 MACK edition; verify signing and printing.","","","HIGH","https://www.rencontres-arles.com/en/the-2026-book-awards-winners","CORE","family archive | migration | Caribbean diaspora | identity","HIGH","NO","Signed copies from documented 2026 launch events","MEDIUM","Rencontres d'Arles Author Book Award winner 2026"
"contemporary:taysir-batniji-disruptions","Taysir Batniji","","Disruptions","","2024","Loose Joints","","Curated contemporary documentary | Paris Photo-Aperture PhotoBook of the Year winner 2024","A","0","Original 2024 Loose Joints edition.","","","HIGH","https://aperture.org/editorial/announcing-the-winners-of-the-2024-photobook-awards/","CORE","Gaza | family | conflict | communication | conceptual documentary","HIGH","NO","Signed first editions may occur","MEDIUM","Paris Photo-Aperture PhotoBook of the Year winner 2024"
"contemporary:buck-ellison-living-trust","Buck Ellison","","Living Trust","","2020","Loose Joints","9781912719174","Curated contemporary documentary | Paris Photo-Aperture First PhotoBook winner 2020","A","0","First edition April 2020; verify printing and any accompanying print.","","","HIGH","https://loosejoints.biz/products/buck-ellison-living-trust","CORE","class | wealth | privilege | staged social documentary","HIGH","YES","Special edition with a print","HIGH","Paris Photo-Aperture First PhotoBook winner 2020"
"contemporary:sabiha-cimen-hafiz","Sabiha Çimen","Sabiha Cimen","HAFIZ","Hafiz","2022","Red Hook Editions","","Curated contemporary documentary | Paris Photo-Aperture First PhotoBook winner 2022","A","0","Target the original Red Hook Editions issue and verify binding and printing.","","","HIGH","https://aperture.org/editorial/announcing-the-winners-of-the-2022-photobook-awards/","CORE","girls' education | faith | Turkey | colour documentary","HIGH","YES","Signed first editions may occur","MEDIUM","Paris Photo-Aperture First PhotoBook winner 2022"
"contemporary:mohamed-bourouissa-peripherique","Mohamed Bourouissa","","Périphérique","Peripherique","2022","Loose Joints","","Curated contemporary documentary | Paris Photo-Aperture PhotoBook of the Year winner 2022","A","0","Original 2022 Loose Joints edition; verify all gatefolds and printing.","","","HIGH","https://aperture.org/editorial/announcing-the-winners-of-the-2022-photobook-awards/","CORE","Paris suburbs | migration | media representation | staged documentary","HIGH","NO","Signed first editions may occur","MEDIUM","Paris Photo-Aperture PhotoBook of the Year winner 2022"
"contemporary:hicham-benohoud-classroom","Hicham Benohoud","","The Classroom","Classroom","2025","Loose Joints","","Curated contemporary documentary | Paris Photo-Aperture PhotoBook of the Year winner 2025","A","0","Original 2025 Loose Joints edition.","","","HIGH","https://aperture.org/editorial/announcing-the-winners-of-the-2025-photobook-awards/","CORE","education | youth | Morocco | postcolonial society","HIGH","NO","Signed first editions may occur","MEDIUM","Paris Photo-Aperture PhotoBook of the Year winner 2025"
"contemporary:eleonora-agostini-waitressing","Eleonora Agostini","","A Study on Waitressing","Study on Waitressing","2025","Witty Books","","Curated contemporary documentary | Paris Photo-Aperture First PhotoBook winner 2025","A","0","Original 2025 Witty Books edition.","","","HIGH","https://aperture.org/editorial/announcing-the-winners-of-the-2025-photobook-awards/","CORE","gender | labour | performance | contemporary work","HIGH","YES","Signed first editions may occur","MEDIUM","Paris Photo-Aperture First PhotoBook winner 2025"
"contemporary:tsai-ting-bang-born-root","Tsai Ting Bang","","Born from the Same Root","","2024","Self-published","","Curated contemporary documentary | Paris Photo-Aperture First PhotoBook winner 2024","A","0","Original 2024 self-published edition; verify complete bipartite binding.","","","HIGH","https://aperture.org/editorial/announcing-the-winners-of-the-2024-photobook-awards/","CORE","family | mental health | Taiwan | intimate documentary","HIGH","YES","Small self-published first edition","HIGH","Paris Photo-Aperture First PhotoBook winner 2024"
"contemporary:hady-barry-not-your-mother","Hady Barry","","i am (not) your mother","I Am Not Your Mother","2024","Self-published / Penumbra Foundation","","Curated contemporary documentary | Paris Photo-Aperture jurors' special mention 2024","B","1","Original one-of-a-kind Risograph self-published issue; verify colophon and completeness.","","","HIGH","https://aperture.org/editorial/announcing-the-winners-of-the-2024-photobook-awards/","CORE","family | migration | Côte d'Ivoire | Senegal | trauma","HIGH","YES","One-of-a-kind Risograph production characteristics","HIGH","Paris Photo-Aperture jurors' special mention 2024"
"contemporary:carla-williams-tender","Carla Williams","","Tender","","2023","TBW Books","","Curated contemporary documentary | Paris Photo-Aperture First PhotoBook winner 2023","A","0","Original 2023 TBW Books edition.","","","HIGH","https://aperture.org/editorial/announcing-the-winners-of-the-2023-photobook-awards/","CORE","self-portraiture | Black feminist expression | coming of age | archive","MEDIUM","YES","Signed first editions may occur","MEDIUM","Paris Photo-Aperture First PhotoBook winner 2023"
"contemporary:sasha-phyars-burgess-untitled","Sasha Phyars-Burgess","","Untitled","","2021","Capricious Publishing","","Curated contemporary documentary | Paris Photo-Aperture First PhotoBook winner 2021","A","0","Original 2021 Capricious Publishing edition; short title requires contributor confirmation.","","","HIGH","https://aperture.org/editorial/announcing-the-winners-of-the-2021-photobook-awards/","CORE","family | Caribbean heritage | race | transatlantic history","HIGH","YES","Signed first editions may occur","MEDIUM","Paris Photo-Aperture First PhotoBook winner 2021"
"contemporary:muhammad-fadli-banda-journal","Muhammad Fadli and Fatris MF","Muhammad Faldi | Fatris MF","The Banda Journal","Banda Journal","2021","Jordan, jordan Édition","","Curated contemporary documentary | Paris Photo-Aperture PhotoBook of the Year winner 2021","A","0","Original 2021 edition; verify all text and photographic components.","","","HIGH","https://aperture.org/editorial/announcing-the-winners-of-the-2021-photobook-awards/","CORE","Indonesia | colonial history | trade | contemporary consequences","HIGH","NO","Signed first editions may occur","MEDIUM","Paris Photo-Aperture PhotoBook of the Year winner 2021"
"contemporary:vasantha-yogananthan-amma","Vasantha Yogananthan","","Amma","","2021","Chose Commune","","Curated contemporary documentary | Paris Photo-Aperture jurors' special mention 2021","A","0","Final volume of the seven-book A Myth of Two Souls series; completeness and series state matter.","","","HIGH","https://aperture.org/editorial/announcing-the-winners-of-the-2021-photobook-awards/","CORE","India | myth | contemporary society | colour | constructed documentary","MEDIUM","NO","Complete seven-volume A Myth of Two Souls set is a priority | signed copies may occur","HIGH","Paris Photo-Aperture jurors' special mention 2021"
"contemporary:gloria-oyarzabal-woman-go-nogree","Gloria Oyarzabal","","Woman Go No'Gree","Woman Go No Gree","2020","Editorial RM / Images Vevey","","Curated contemporary documentary | Paris Photo-Aperture PhotoBook of the Year winner 2020","A","0","Original 2020 edition.","","","HIGH","https://aperture.org/editorial/paris-photo-aperture-photobook-award-winners-2020/","CORE","West Africa | colonialism | feminism | archive","HIGH","NO","Signed first editions may occur","MEDIUM","Paris Photo-Aperture PhotoBook of the Year winner 2020"
"contemporary:ryan-debolski-like","Ryan Debolski","","LIKE","","2020","Gnomic Book","","Curated contemporary documentary | Paris Photo-Aperture jurors' special mention 2020","B","1","Original 2020 Gnomic Book edition; short title requires contributor confirmation.","","","HIGH","https://aperture.org/editorial/paris-photo-aperture-photobook-award-winners-2020/","CORE","migrant workers | Oman | friendship | bodies | landscape","HIGH","YES","Signed first editions may occur","MEDIUM","Paris Photo-Aperture jurors' special mention 2020"
"contemporary:gao-shan-eighth-day","Gao Shan","","The Eighth Day","Eighth Day","2019","Imageless","","Curated contemporary documentary | Paris Photo-Aperture First PhotoBook winner 2019","A","0","Original 2019 Imageless edition.","","","HIGH","https://aperture.org/editorial/announcing-winners-2019-photobook-awards/","CORE","adoption | family | domestic life | China","HIGH","YES","Small first edition | signed copies may occur","HIGH","Paris Photo-Aperture First PhotoBook winner 2019"
"contemporary:sohrab-hura-coast","Sohrab Hura","","The Coast","Coast","2019","UGLY DOG","","Curated contemporary documentary | Paris Photo-Aperture PhotoBook of the Year winner 2019","A","0","Original 2019 self-published UGLY DOG edition.","","","HIGH","https://aperture.org/editorial/announcing-winners-2019-photobook-awards/","CORE","India | violence | caste | politics | experimental documentary","HIGH","NO","Artist-published first edition | signed copies may occur","HIGH","Paris Photo-Aperture PhotoBook of the Year winner 2019"
"contemporary:stanley-wolukau-one-wall","Stanley Wolukau-Wanambwa","","One Wall a Web","","2018","Roma Publications","","Curated contemporary documentary | Paris Photo-Aperture First PhotoBook winner 2018","A","0","Original 2018 Roma Publications edition.","","","HIGH","https://aperture.org/editorial/announcing-winners-2018-photobook-awards/","CORE","race | American landscape | history | systemic power","HIGH","YES","Signed first editions may occur","MEDIUM","Paris Photo-Aperture First PhotoBook winner 2018"
"contemporary:laia-abril-on-abortion","Laia Abril","","On Abortion","A History of Misogyny Chapter One: On Abortion","2018","Dewi Lewis Publishing","","Curated contemporary documentary | Paris Photo-Aperture PhotoBook of the Year winner 2018","A","0","Original 2018 Dewi Lewis edition; retain all inserts or issued components.","","","HIGH","https://aperture.org/editorial/announcing-winners-2018-photobook-awards/","CORE","women's rights | health | archive | investigative documentary","HIGH","NO","Signed first editions may occur","MEDIUM","Paris Photo-Aperture PhotoBook of the Year winner 2018"
"contemporary:pixy-liao-experimental-relationship","Pixy Liao","","Experimental Relationship Vol. 1","Experimental Relationship Volume 1","2018","Jiazazhi Press","","Curated contemporary documentary | Paris Photo-Aperture jurors' special mention 2018","B","1","Original 2018 Jiazazhi Press volume one.","","","HIGH","https://aperture.org/editorial/announcing-winners-2018-photobook-awards/","CORE","gender | intimacy | performance | relationships","MEDIUM","YES","Signed first editions may occur","MEDIUM","Paris Photo-Aperture jurors' special mention 2018"
"contemporary:mathieu-asselin-monsanto","Mathieu Asselin","","Monsanto: A Photographic Investigation","Monsanto","2017","Verlag Kettler / Actes Sud","","Curated contemporary documentary | Paris Photo-Aperture First PhotoBook winner 2017","A","0","Original 2017 edition; verify all documentary and facsimile components.","","","HIGH","https://aperture.org/editorial/announcing-winners-2017-photobook-awards/","CORE","investigative documentary | corporate power | environment | public health","HIGH","YES","Signed first editions may occur","MEDIUM","Paris Photo-Aperture First PhotoBook winner 2017"
"contemporary:dayanita-singh-museum-bhavan","Dayanita Singh","","Museum Bhavan","","2017","Steidl","","Curated contemporary documentary | Paris Photo-Aperture PhotoBook of the Year winner 2017","A","0","Book-of-books construction; verify every volume and the complete issued housing.","","","HIGH","https://aperture.org/editorial/announcing-winners-2017-photobook-awards/","CORE","India | archives | institutions | book-object practice","MEDIUM","NO","Complete boxed book-of-books object","HIGH","Paris Photo-Aperture PhotoBook of the Year winner 2017"
"contemporary:spottorno-abril-la-grieta","Carlos Spottorno and Guillermo Abril","Carlos Spottorno | Guillermo Abril","La Grieta","The Crack","2016","Astiberri Ediciones","","Curated contemporary documentary | Paris Photo-Aperture jurors' special mention 2017","B","1","Original 2016 edition.","","","HIGH","https://aperture.org/editorial/announcing-winners-2017-photobook-awards/","CORE","migration | European borders | graphic documentary | journalism","HIGH","NO","Signed first editions may occur","MEDIUM","Paris Photo-Aperture jurors' special mention 2017"
"contemporary:michael-christopher-brown-libyan-sugar","Michael Christopher Brown","","Libyan Sugar","","2016","Twin Palms Publishers","","Curated contemporary documentary | Paris Photo-Aperture First PhotoBook winner 2016","A","0","Original 2016 Twin Palms edition.","","","HIGH","https://aperture.org/editorial/announcing-winners-2016-photobook-awards/","CORE","war | Libya | personal documentary | conflict","HIGH","YES","Signed first editions may occur","MEDIUM","Paris Photo-Aperture First PhotoBook winner 2016"
"contemporary:gregory-halpern-zzyzx","Gregory Halpern","","ZZYZX","","2016","MACK","","Curated contemporary documentary | Paris Photo-Aperture PhotoBook of the Year winner 2016","A","0","Target the original 2016 MACK edition; distinguish later printings.","","","HIGH","https://aperture.org/editorial/announcing-winners-2016-photobook-awards/","CORE","Los Angeles | American landscape | social observation | colour","HIGH","NO","Signed first editions and publisher editions may occur","HIGH","Paris Photo-Aperture PhotoBook of the Year winner 2016"
"contemporary:groeschner-messmer-taking-stock","Annett Gröschner and Arwed Messmer","Annett Groschner | Arwed Messmer","Taking Stock of Power: An Other View of the Berlin Wall","Taking Stock of Power","2016","Hatje Cantz","","Curated contemporary documentary | Paris Photo-Aperture jurors' special mention 2016","B","1","Original two-volume 2016 set; both volumes and all issued material must be present.","","","HIGH","https://aperture.org/editorial/announcing-winners-2016-photobook-awards/","CORE","Berlin Wall | state archive | political history | documentary","HIGH","NO","Complete two-volume set","HIGH","Paris Photo-Aperture jurors' special mention 2016"
"contemporary:mack-marvel","Marvel Harris","","MARVEL","Marvel","","MACK","","Curated contemporary documentary | MACK First Book Award winner","A","0","Original MACK First Book Award edition; short title requires contributor confirmation.","","","HIGH","https://mackbooks.co.uk/collections/first-book-award","CORE","gender identity | autobiography | intimate documentary","HIGH","YES","Signed first editions may occur","MEDIUM","MACK First Book Award winner 2021"
"contemporary:mack-45","Damien Heinisch","","45","Forty Five","","MACK","","Curated contemporary documentary | MACK First Book Award winner","B","1","Original MACK First Book Award edition; numeric title requires contributor confirmation.","","","HIGH","https://mackbooks.co.uk/collections/first-book-award","CORE","contemporary documentary | personal history","MEDIUM","YES","Signed first editions may occur","MEDIUM","MACK First Book Award winner"
"contemporary:mack-oobanken","Jerome Ming","Jérôme Ming","Oobanken","","2019","MACK","","Curated contemporary documentary | MACK First Book Award winner","A","0","Original 2019 MACK edition.","","","HIGH","https://mackbooks.co.uk/products/oobanken-br-jerome-ming","CORE","Myanmar | memory | place | constructed documentary","MEDIUM","YES","Signed first editions may occur","MEDIUM","MACK First Book Award winner 2019"
"contemporary:mack-frowst","Joanna Piotrowska","","FROWST","Frowst","","MACK","","Curated contemporary documentary | MACK First Book Award winner","A","0","Original MACK First Book Award edition.","","","HIGH","https://mackbooks.co.uk/collections/first-book-award","CORE","family | power | intimacy | staged documentary","MEDIUM","YES","Signed first editions may occur","MEDIUM","MACK First Book Award winner"
"contemporary:mack-nothings-in-vain","Emmanuelle Andrianjafy","","Nothing's in Vain","Nothings in Vain","","MACK","","Curated contemporary documentary | MACK First Book Award winner","A","0","Original MACK First Book Award edition.","","","HIGH","https://mackbooks.co.uk/collections/first-book-award","CORE","Madagascar | family | place | personal documentary","HIGH","YES","Signed first editions may occur","MEDIUM","MACK First Book Award winner"
"contemporary:mack-worst-bars","Ciarán Óg Arnold","Ciaran Og Arnold","I went to the worst of bars hoping to get killed, but all I could do was get drunk again","Worst of Bars","","MACK","","Curated contemporary documentary | MACK First Book Award winner","A","0","Original MACK First Book Award edition.","","","HIGH","https://mackbooks.co.uk/collections/first-book-award","CORE","Irish social documentary | nightlife | alienation | black and white","HIGH","YES","Signed first editions may occur","MEDIUM","MACK First Book Award winner"
"contemporary:mack-merryman","Anne Sophie Merryman","","Mrs. Merryman's Collection","Mrs Merrymans Collection","","MACK","","Curated contemporary documentary | MACK First Book Award winner","B","1","Original MACK First Book Award edition.","","","HIGH","https://mackbooks.co.uk/collections/first-book-award","CORE","archive | domestic history | vernacular photography","MEDIUM","YES","Signed first editions may occur","MEDIUM","MACK First Book Award winner"
"contemporary:mack-swamp","Sofia Borges","","The Swamp","Swamp","","MACK","","Curated contemporary documentary | MACK First Book Award winner","B","1","Original MACK First Book Award edition.","","","HIGH","https://mackbooks.co.uk/collections/first-book-award","CORE","museum | natural history | image construction","LOW","YES","Signed first editions may occur","MEDIUM","MACK First Book Award winner"
"contemporary:mack-between-shell","Paul Salveson","","Between the Shell","","","MACK","","Curated contemporary documentary | MACK First Book Award winner","B","1","Original MACK First Book Award edition.","","","HIGH","https://mackbooks.co.uk/collections/first-book-award","CORE","American social landscape | domestic space | colour","MEDIUM","YES","Signed first editions may occur","MEDIUM","MACK First Book Award winner"
"contemporary:mack-ttp","Hayahisa Tomiyasu","","TTP","","2018","MACK","","Curated contemporary documentary | MACK First Book Award winner","A","0","Target the 2018 first edition; MACK also lists later printings.","","","HIGH","https://mackbooks.co.uk/products/ttp-br-hayahisa-tomiyasu-first-edition-fourth-printing","CORE","public space | behaviour | typology | everyday life","MEDIUM","YES","First edition preferred over documented later printings","HIGH","MACK First Book Award winner 2018"
"contemporary:mahmoud-khattab-dog","Mahmoud Khattab","","The Dog Sat Where We Parted","","2025","Self-published","","Curated contemporary documentary | Kraszna-Krausz Photography Book Award winner 2025","A","0","Original self-published 2025 edition; verify edition size and colophon.","","","HIGH","https://kraszna-krausz.org.uk/book-awards/2025-book-awards/","CORE","Egypt | military life | vulnerability | personal documentary","HIGH","YES","Small self-published first edition","HIGH","Kraszna-Krausz Photography Book Award winner 2025"
"contemporary:hristina-tasheva-far-away","Hristina Tasheva","","Far Away From Home: The Voices, the Body and the Periphery","Far Away From Home","2024","Self-published","","Curated contemporary documentary | Kraszna-Krausz Photography Book Award winner 2024","A","0","Original self-published 2024 edition.","","","HIGH","https://kraszna-krausz.org.uk/book-awards/past-photography-winners/","CORE","migration | body | periphery | social history","HIGH","NO","Small self-published edition","HIGH","Kraszna-Krausz Photography Book Award winner 2024"
"contemporary:andi-galdi-vinko-sorry","Andi Galdi Vinko","Andi Gáldi Vinkó","Sorry I Gave Birth I Disappeared But Now I'm Back","Sorry I Gave Birth","2023","Trolley Books","","Curated contemporary documentary | Kraszna-Krausz Photography Book Award winner 2023","A","0","Original 2023 Trolley Books edition.","","","HIGH","https://kraszna-krausz.org.uk/book-awards/2023-book-awards/","CORE","motherhood | family | body | intimate documentary","HIGH","NO","Signed first editions may occur","MEDIUM","Kraszna-Krausz Photography Book Award winner 2023"
"contemporary:maria-kapajeva-dream","Maria Kapajeva","","Dream is Wonderful, Yet Unclear","","2021","Milda Books","","Curated contemporary documentary | Kraszna-Krausz Photography Book Award joint winner 2021","A","0","Original 2021 Milda Books edition.","","","HIGH","https://kraszna-krausz.org.uk/book-awards/past-photography-winners/","CORE","women's labour | Soviet history | family archive | Estonia","HIGH","NO","Signed first editions may occur","MEDIUM","Kraszna-Krausz Photography Book Award joint winner 2021"
"contemporary:latoya-ruby-frazier-monograph","LaToya Ruby Frazier","","LaToya Ruby Frazier","","2019","Mousse Publishing / Mudam Luxembourg","","Curated contemporary documentary | Kraszna-Krausz Photography Book Award winner 2020","A","0","Original exhibition monograph published in 2019; verify printing.","","","HIGH","https://kraszna-krausz.org.uk/book-awards/2020-book-awards/","CORE","family | labour | race | environment | American social documentary","HIGH","NO","Signed first editions may occur","MEDIUM","Kraszna-Krausz Photography Book Award winner 2020"
"contemporary:zanele-muholi-somnyama","Zanele Muholi","","Somnyama Ngonyama: Hail the Dark Lioness","Somnyama Ngonyama","2018","Aperture","","Curated contemporary documentary | Kraszna-Krausz Photography Book Award winner 2019","A","0","Target the original Aperture edition and verify printing.","","","HIGH","https://kraszna-krausz.org.uk/book-awards/past-photography-winners/","CORE","self-portraiture | race | gender | South Africa | visual activism","HIGH","NO","Signed first editions and book-print sets may occur","HIGH","Kraszna-Krausz Photography Book Award winner 2019"
"contemporary:chrystel-lebas-field-studies","Chrystel Lebas","","Field Studies: Walking through Landscapes and Archives","Field Studies","2018","Fw:Books","","Curated contemporary documentary | Kraszna-Krausz Photography Book Award winner 2018","A","0","Original 2018 Fw:Books edition.","","","HIGH","https://kraszna-krausz.org.uk/book-awards/past-photography-winners/","CORE","landscape | archive | ecology | field research","HIGH","NO","Signed first editions may occur","MEDIUM","Kraszna-Krausz Photography Book Award winner 2018"
"contemporary:fazal-sheikh-erasure-trilogy","Fazal Sheikh","","The Erasure Trilogy","Erasure Trilogy","2016","Steidl","","Curated contemporary documentary | Kraszna-Krausz Photography Book Award winner 2016","A","0","Complete original three-volume set required; verify all volumes and housing.","","","HIGH","https://kraszna-krausz.org.uk/book-awards/past-photography-winners/","CORE","human rights | displacement | conflict | social documentary","HIGH","NO","Complete three-volume set | signed copies may occur","HIGH","Kraszna-Krausz Photography Book Award winner 2016"
"contemporary:tish-murtha-youth-unemployment","Tish Murtha","Patricia Anne Murtha","Youth Unemployment","","2017","Bluecoat Press","","Curated contemporary documentary","A","0","Original Bluecoat Press edition is out of print; verify printing and condition.","","","HIGH","https://bluecoatpress.co.uk/","CORE","British social documentary | youth | unemployment | Tyneside | class","HIGH","NO","Out-of-print first edition | signed copies are unlikely and require strong provenance","HIGH","Bluecoat Press describes it as a key body of work in British documentary history"
"contemporary:jesse-glazzard-sound-of-dirt","Jesse Glazzard","","The Sound of Dirt and Beauty","Sound of Dirt and Beauty","2026","SPBH Editions","9781917651721","Curated contemporary documentary","B","1","First book, published August 2026 as a stapled screen-printed publication; verify first printing and completeness.","","","HIGH","https://mackbooks.co.uk/products/the-sound-of-dirt-and-beauty-jesse-glazzard","CORE","British working-class documentary | queer community | intimacy | contemporary life","HIGH","YES","First printing with screen-printed zine-like construction | signed or inscribed copies require provenance","MEDIUM","Publisher-documented first book by a British photographer, made over a decade among friends, lovers and collaborators"
"contemporary:craig-easton-bank-top","Craig Easton","Craig Easton and Abdul Aziz Hafiz","Bank Top","BANK TOP","2022","GOST Books","9781910401682","Curated contemporary documentary | Rencontres d'Arles and Paris Photo-Aperture shortlisted","A","0","Target the September 2022 GOST first edition; special issue is signed and numbered and includes a print.","","","HIGH","https://gostbooks.com/products/bank-top-special-edition-1","CORE","British social documentary | northern communities | class | migration | collaborative testimony","HIGH","YES","Sold-out special edition of 50 with a signed and numbered 9.5 x 12 inch silver gelatin print","HIGH","Rencontres d'Arles Author Book Award shortlist 2022 | Paris Photo-Aperture First PhotoBook shortlist 2022 | Sony Photographer of the Year 2021"
"contemporary:paul-reas-fables-of-faubus","Paul Reas","","Fables of Faubus","","2018","GOST Books","","Curated contemporary documentary","A","0","Original GOST edition published December 2018; verify complete collector housing and all four prints on the special issue.","","","HIGH","https://gostbooks.com/products/fables-of-faubus-special-edition","CORE","British social documentary | working class | industry | consumer culture | Wales","HIGH","NO","Sold-out collector's edition of 50 in a wallpaper-bound book and cloth box with four signed and numbered prints","HIGH","Career retrospective by a major British documentary photographer with work in institutional collections"
"contemporary:daniel-meadows-book-of-the-road","Daniel Meadows","","Book of the Road","Free Photographic Omnibus","2023","Bluecoat Press","","Curated contemporary documentary","A","0","Target the 2023 Bluecoat first edition; special issue requires its signed book and print.","","","HIGH","https://bluecoatpress.co.uk/product/book-of-the-road-special-edition/","CORE","British social documentary | community | 1970s England | portraiture | oral history","HIGH","NO","Signed first edition with one of four signed digital silver gelatin prints, each print in an edition of 25 | complete four-print set","HIGH","Published with a major Centre for British Photography solo exhibition | landmark Free Photographic Omnibus project"
"contemporary:janine-wiedel-vulcans-forge","Janine Wiedel","","Vulcan's Forge","Vulcans Forge","","Bluecoat Press","","Curated contemporary documentary","A","0","Target the first Bluecoat book edition; distinguish signed trade and signed book-plus-print special issues.","","","HIGH","https://bluecoatpress.co.uk/product/vulcans-forge-special-edition/","CORE","British social documentary | labour | deindustrialisation | West Midlands | humanist photography","HIGH","NO","Signed special edition with a choice of four signed 10 x 8 inch archival pigment prints","HIGH","Project was critically acclaimed at The Photographers' Gallery in 1979 | photographer has five decades of internationally exhibited documentary work"
"contemporary:mike-abrahams-this-was-then","Mike Abrahams","","This Was Then","","2026","Bluecoat Press","","Curated contemporary documentary","A","0","First career-spanning edition, listed as forthcoming in 2026; distinguish trade, signed and book-plus-print issues.","","","HIGH","https://bluecoatpress.co.uk/product/this-was-then-special-edition/","CORE","British social documentary | class | Northern Ireland | everyday life | marginalised communities","HIGH","NO","Signed special edition with a choice of four signed 10 x 8 inch archival pigment prints | complete four-print set","HIGH","First career-spanning book by a World Press Photo-winning British documentary photographer and Network Photographers co-founder"
"contemporary:kirsty-mackay-magic-money-tree","Kirsty Mackay","","The Magic Money Tree","Magic Money Tree","","Bluecoat Press","","Curated contemporary documentary","A","0","Target the first Bluecoat edition; distinguish unsigned, signed and signed book-plus-print issues.","","","HIGH","https://bluecoatpress.co.uk/product/the-magic-money-tree-special-edition/","CORE","British social documentary | poverty | children | welfare | collaborative practice","HIGH","NO","Signed special edition with a choice of four signed 10 x 8 inch archival pigment prints","HIGH","Contemporary participatory study of poverty and welfare decline, supported by testimony from Ken Loach"
"contemporary:don-mccullin-life-death","Don McCullin","","Life, Death and Everything in Between","Life Death and Everything in Between","2023","GOST Books","9781915423252","Curated contemporary documentary","S","0","Trade book published November 2023; distinguish the October 2025 special edition of 12.","","","HIGH","https://gostbooks.com/products/life-death-and-everything-in-between-special-edition","CORE","British documentary | conflict | poverty | landscape | career survey","HIGH","NO","2025 special edition of 12 in a clamshell box with signed book and a 16 x 20 inch darkroom-printed silver gelatin print","HIGH","Career survey by one of Britain's most respected documentary photographers | publisher-documented edition of only 12"
"contemporary:don-mccullin-vietnam","Don McCullin","","Vietnam","Don McCullin Vietnam","2026","GOST Books","9781805980476 | 9781805980513","Curated contemporary documentary","S","0","Publication scheduled for October 2026; distinguish signed trade ISBN 9781805980476 from special-edition ISBN 9781805980513.","","","HIGH","https://gostbooks.com/products/vietnam-don-mccullin-special-edition","CORE","British documentary | war | Vietnam | photojournalism | archive","HIGH","NO","Signed trade edition | clamshell special edition with signed book and one of three darkroom prints | black-and-white print issue limited to 10","HIGH","First McCullin book devoted solely to Vietnam and described by the photographer as his last book"
"contemporary:matt-stuart-all-that-life","Matt Stuart","","All That Life Can Afford","","","Bluecoat Press","","Curated contemporary documentary","A","0","The current Bluecoat issue is a redesigned third edition; do not confuse it with the earlier collectible first edition.","","","HIGH","https://bluecoatpress.co.uk/product/all-that-life-can-afford-special-print-edition/","CORE","British street documentary | London | everyday life | colour","HIGH","NO","Third-edition special issue with signed book and a choice of four signed 10 x 8 inch archival pigment prints | complete four-print set","HIGH","Acclaimed London street-photography title by an internationally recognised British photographer"
